{
 "seed0": 20260627,
 "reps": 25,
 "ns": [
  250,
  500,
  1000,
  2000,
  4000,
  8000,
  16000,
  32000,
  64000
 ],
 "Ms": [
  8192,
  8192,
  8192,
  8192,
  8192,
  8192,
  8192,
  8192,
  8192
 ],
 "ise": {
  "Gaussian|250": 0.010047532848284458,
  "Gaussian|500": 0.0046585015439337225,
  "Gaussian|1000": 0.002326249245036176,
  "Gaussian|2000": 0.0012110512008331983,
  "Gaussian|4000": 0.0006658906897231236,
  "Gaussian|8000": 0.0003541814884407252,
  "Gaussian|16000": 0.00016137375562670604,
  "Gaussian|32000": 7.535953166935184e-05,
  "Gaussian|64000": 4.403495642903637e-05,
  "Strongly skewed|250": 0.029430621646099456,
  "Strongly skewed|500": 0.016184902047238946,
  "Strongly skewed|1000": 0.0094897298779036,
  "Strongly skewed|2000": 0.004481581530273008,
  "Strongly skewed|4000": 0.0027473024431642267,
  "Strongly skewed|8000": 0.0015861810085148365,
  "Strongly skewed|16000": 0.0007020638034581099,
  "Strongly skewed|32000": 0.00040434581417919647,
  "Strongly skewed|64000": 0.00024063664129889972,
  "Claw|250": 0.01876354536096727,
  "Claw|500": 0.011021850503767963,
  "Claw|1000": 0.006341765226251283,
  "Claw|2000": 0.0031622764805115194,
  "Claw|4000": 0.001775744241811598,
  "Claw|8000": 0.001000334595660228,
  "Claw|16000": 0.0005488912607049343,
  "Claw|32000": 0.00029375616315437467,
  "Claw|64000": 0.00015563733205589423,
  "Laplace|250": 0.010055114739440894,
  "Laplace|500": 0.0046090067262966675,
  "Laplace|1000": 0.0028102278617536404,
  "Laplace|2000": 0.001342289662379589,
  "Laplace|4000": 0.000886070560102864,
  "Laplace|8000": 0.00047645719593579386,
  "Laplace|16000": 0.0002650620242631002,
  "Laplace|32000": 0.00016256164813183832,
  "Laplace|64000": 9.487618066022932e-05
 },
 "ise_Mx2": {
  "Gaussian": 7.820373669189912e-05,
  "Strongly skewed": 0.000250480774414011,
  "Claw": 0.00016992357339270584,
  "Laplace": 0.00010800695409941301
 }
}